,单词,翻译,出现次数
1500,indicates,none,13
1501,ground,n.地面，土地;基础;范围;阵地，战场;vi.搁浅，停飞;着陆;vt.把…放在地上;在…的基础树立上;交给…基本知识;使…受初步训练;v.grind的过去式和过去分词;,13
1502,deeply,adv.在深处;浓浓地;强烈地;精心地;,13
1503,everybody,pron.每人，人人;大伙儿;各位;,13
1504,powerful,adj.强大的;权力大的;（药）有效地;adv.很;非常;,13
1505,moment,n.瞬间，片刻;时刻;重要，紧要;[物]力矩;,13
1506,saving,n.节约;节俭;储蓄金;挽救;v.拯救( save的现在分词);收集;保留;避免;prep.除…以外;adj.可取的，保存的;节省的，节约的;补偿的;救助的;,13
1507,types,n.类型;类型( type的名词复数 );铅字;（印刷或打印的）文字;于…类型的;v.打字;打字( type的第三人称单数 );[医学]测定（血型）;按类型把…归类;成为…的典型;,13
1508,nicotine,n.尼古丁;[化]烟碱;,13
1509,quitting,v.离开（quit的现在分词形式）;放弃;停止;,13
1510,packaging,n.包装;包装材料;包装风格;打包;v.包装(package的ing形式);,13
1511,scores,n.大量，众多;二十( score的名词复数 );（游戏或比赛中的）得分;大量;百分数;,13
1512,tough,adj.坚强的，坚韧的，不屈不挠的;艰苦的，困难的，难办的;牢固的，强壮的;粗暴的;n.粗暴的人;暴徒，恶棍;vt.<口>忍耐，忍受（常与out连用）;adv.强硬地，顽强地;以强硬的态度;,13
1513,stolen,v.偷( steal的过去分词 );悄悄地做，悄悄地走;,13
1514,division,n.分开，分隔;[数]除法;部门;[军]师;,13
1515,struggle,vi.搏斗;奋斗;努力;争取;n.打斗;竞争;奋斗;,13
1516,domestic,adj.家庭的，家的;国内的;驯养的;热心家务的;n.佣人;国货;,13
1517,divorce,n.离婚;分离;vt.与…离婚;分离;vt.& vi.与（某人）离婚，判（某人）离婚;,13
1518,housing,n.房屋;供给住宅;掩护;外罩;,13
1519,loan,n.贷款;借款;借用;vt.借，借给;vi.借出;,13
1520,vice,n.恶习;不道德行为;（肉体的）缺陷，疾病;（文体等的）缺点，瑕疵;prep.代替;取代;adj.副的;代替的;vt.用老虎钳夹紧;钳制;,13
1521,guidelines,n.指导方针;指导原则;行动纲领;参考;指导方针( guideline的名词复数 );指导原则;行动纲领;准则;,13
1522,hands,none,13
1523,thinks,none,13
1524,clothes,n.衣服，衣物;寝具;v.穿（衣）( clothe的第三人称单数);给…提供衣服;（用语言）表达;覆盖;,13
1525,causes,n.原因( cause的名词复数 );动机;（某种行为、感情等的）理由;缘故;,13
1526,consumer,n.消费者，顾客;[生态]取食者，食物链中以其他生物为食物的生物;,13
1527,handle,n.（织物、毛皮等的）手感;手柄;举动;柄状物;vi.操作，操控;容易搬运;vt.用双手触摸、举起或握住;用手操作，操纵;处理或负责，管理;〈美〉买卖，经营;,13
1528,meaning,n.意思，意义;含义;意图;adj.有意思的;意味深长的;vt.意味(mean的现在分词);意思是;,13
1529,assignment,n.分给，分配;任务，工作，（课外）作业;<美>任命;指定，委派;,13
1530,game,n.游戏，运动;比赛，竞赛;诡计;猎物;adj.受伤的，瘸的;对…有兴趣的;雄赳赳的;关于野味的;v.打赌，赌输赢;赌输;,13
1531,rent,n.租金;地租;（意见等的）分裂，分歧;（衣服等的）裂缝;vt.& vi.出租;付地租;“rend”的过去式和过去分词;租借;adj.撕碎的;分裂的;,13
1532,enhance,vt.提高，增加;加强;,13
1533,image,n.影像;肖像;概念，意向;镜像，映像;vt.反映;想像;作…的像;象征;,13
1534,taught,v.教( teach的过去式和过去分词 );教书;训练;教育;,13
1535,commonly,adv.通常地;一般地;平凡地;粗俗地;,13
1536,unless,conj.除非，如果不;prep.除了，…除外;,13
1537,salary,n.薪水，薪金，薪俸;vt.给…加薪;给…薪水;发…薪水;付…薪水;,13
1538,electricity,n.电力;电流，静电;高涨的情绪;紧张;,13
1539,methods,n.method的复数：方法;方法( method的名词复数 );方法论;教学法;分类法;,13
1540,picked,adj.精选的，摘下的;v.采( pick的过去式和过去分词 );摘;啄;叼;,13
1541,asks,none,13
1542,produced,adj.（叶子等）畸形伸长的，引长的;v.生产( produce的过去式和过去分词 );产生;制作;创作;,13
1543,heat,n.热，热度，高温;热烈，激烈;（身体的）发烧，发热;发情;vt.&vi.使温暖，使热;激发…的感情，使兴奋;,13
1544,emissions,none,13
1545,retailers,n.零售商，零售店( retailer的名词复数 );,13
1546,advance,vt.（使）前进;将…提前;预付;提出;vi.（数量等）增加;向前推（至下一步）;上涨;n.增长;借款;（价格、价值的）上涨;预付款;adj.预先的;先行的;,13
1547,garden,n.花园，菜园;公园;供应点心的露天设施;大型公共礼堂;vt.造园，开辟（一小片土地）作为花园;以花园装饰;vi.从事园艺;adj.花园的，园艺的;普通的，平凡的;,13
1548,commercial,adj.商业的;贸易的;营利的;靠广告收入的;n.（电台或电视播放的）广告;,13
1549,factors,none,13
1550,differences,n.差别( difference的名词复数 );差异;差距;分歧;,13
1551,admission,n.准许进入;承认;坦白;入场费;,13
1552,liberal,n.自由主义者;自由党党员;adj.开明的;自由的;慷慨的;不拘泥的;,13
1553,depends,none,13
1554,michelle,n.米歇尔（女子名）;[人名]诗雅;[女子名] 米歇尔 Michael的阴性;,13
1555,print,n.（由底片印出的）照片;印刷字体;印痕;印成的图画;vt.（在松软的表面）压印;把…付印;vt.& vi.用印刷体写;冲洗（照片）;登载;在纸上印;,13
1556,figures,none,13
1557,ipad,none,13
1558,tho,adv.可是，不过;,13
1559,driverless,none,13
1560,beer,n.啤酒，麦酒;（一般）发酵饮料;[印，纺]比尔;,12
1561,tools,n.工具( tool的名词复数 );（有助于做工或完成某事的）用具;受人利用的人;,12
1562,fashion,n.时尚，时装;时装领域，时尚界;方式，方法;vt.制作，塑造;使适应;,12
1563,meant,v.意味;打算(mean的过去式和过去分词);表示…的意思;,12
1564,conventional,adj.传统的;习用的，平常的;依照惯例的;约定的;,12
1565,seven,num.七;七个;第七;n.七;七个;,12
1566,unusual,adj.不常见的，不普通的，难得的，罕有的;异乎寻常的，例外的，奇异的;独特的;与众不同的;,12
1567,structure,n.结构;构造;建筑物;体系;vt.构成，排列;安排;,12
1568,minds,none,12
1569,asking,n.问;寻问;请求;要求;v.问（ ask的现在分词 ）;询问;要求;请求;,12
1570,failing,n.（性格中的）弱点，缺陷，短处;prep.如果（某事）不发生;如果没有（某事物）;如果（某人不在）;如果没有（某人）;v.在…中失败( fail的现在分词);衰退;不及格(fail的ing形式);破产;adj.失败的;衰退中的;减弱中的;,12
1571,failure,n.失败，不及格;缺乏，不足;破产，倒闭;失败的事，失败者;,12
1572,above,prep.（表示程度）超过;（表示等级）在…之上;（表示位置）在…正上方;（表示比较）优于;adv.在上面;以上;上述;n.上述;adj.上述的;,12
1573,improving,n.改进，改善（质量），精炼;v.改善，改进，提高( improve的现在分词 );提高（土地、地产）的价值;利用（机会）;抓紧（时间）;,12
1574,property,n.特性，属性;财产，地产;[戏]道具;所有权;,12
1575,confidence,n.信心;信任;秘密;adj.骗得信任的;欺诈的;,12
1576,shelves,n.架子;架( shelf的名词复数 );棚;沙洲;暗礁;v.将（书等）放置在架子上( shelve的第三人称单数 );将…搁在一边;（陆地）逐渐倾斜;,12
1577,forget,vt.忘记，忘却;忽略，疏忽;遗落;忘掉;vi.忘记;忽视;,12
1578,complicated,adj.结构复杂的;混乱的，麻烦的;v.使复杂化( complicate的过去式);,12
1579,bicycle,n.自行车;脚踏车;v.骑自行车;,12
1580,sensitive,adj.敏感的;感觉的;[仪]灵敏的;易受影响的;n.敏感的人;有灵异能力的人;,12
1581,calling,n.呼喊;（从事某职业或活动的）欲望;职业;邀请;v.叫( call的现在分词);通电话;认为;估计;,12
1582,argue,vt.坚决主张;提出理由证明;说服，劝告;表明，证明;vi.争论，辩论;提出理由;,12
1583,anyway,adv.无论如何;而且;尽管;至少;,12
1584,terrible,adj.可怕的;危害极大的;<非正>很糟的;劣质的;adv.口〉非常，很，极;n.可怕的人;,12
1585,peers,n.同等的人，贵族;vi.凝视，窥视;vt.与…同等，封为贵族;v.凝视( peer的第三人称单数 );盯着看;同等;比得上;,12
1586,thank,vt.谢谢，感谢;责怪，把…归于;n.感谢，谢谢，道谢的话;,12
1587,wild,adj.野生的;野蛮的;狂热的;荒凉的;n.荒野;未开化的地方;偏远地区;人烟稀少的地区;adv.疯狂地;胡乱地;,12
1588,governments,n.政府( government的名词复数 );治理的形式;政体;,12
1589,held,v.拿（ hold的过去式和过去分词 ）;举行;保留;,12
1590,added,adj.更多的;附加的;额外的;v.加;加入;增加;添加;,12
1591,vast,adj.广阔的;巨大的;大量的;巨额的;n.浩瀚;广大无边的空间;,12
1592,suffer,vi.受痛苦;受损害;变糟;变差;vt.忍受;容忍;容许;遭受;,12
1593,experienced,adj.有阅历的;有见识的;老练的，熟练的;有经验的，有丰富经验的;v.“experience”的过去式和过去分词;,12
1594,priority,n.优先，优先权;（时间，序上的）先，前;优先考虑的事;[数]优先次序;,12
1595,draw,vt.& vi.绘画;拖，拉;招致;吸引;vt.画;拉;吸引;vi.移动;拔出剑;皱缩;汲取;n.平局;抽奖;,12
1596,appealing,adj.吸引人的，令人心动的;恳求的;v.（迫切）要求(appeal的现在分词);将…上诉;,12
1597,europe,n.欧洲;欧盟;（除英国以外的）全欧洲;除英国外的欧洲国家;,12
1598,regions,n.地区( region的名词复数 );[数学]区域;（艺术、科学等的）领域;行政区;,12
1599,severe,adj.严峻的;严厉的;剧烈的;苛刻的;,12
1600,switch,n.开关;转换，转换器;软鞭子;[信]接线台;vt.& vi.转变，改变;转换;关闭电流;鞭打;vt.转换;挥动（棍棒、鞭子等）;迅速转动;鞭打;vi.交换;调换;,12
1601,stuck,v.刺(stick 的过去式及过去分词);adj.动不了的;被卡住的;被…缠住的;被…难住的，不知所措;,12
1602,regularly,adv.有规律地，按时，照例，按部就班地;整齐地，有条不紊地;经常，不断地;定期地;,12
1603,leaves,n.树叶，花瓣;(leaf的复数);页( leaf的名词复数 );叶子;有…状叶的;金属薄片;v.离开( leave的第三人称单数 );遗弃;忘了带;交托;,12
1604,sort,n.分类，类别;品质，本性;方法;一群;vt.& vi.分类;整顿，整理;适合;vt.挑选;把…分类;将…排顺序;vi.分类;交往;协调;,12
1605,weight,n.重量，体重;重担，重任;重要;[统]权，加重值，权重;vt.加重于，使变重;使负重，使负担或压迫;[统]使加权，附加加重值于;,12
1606,seeking,v.寻找，探寻( seek的现在分词 );企图;试图;探索;,12
1607,active,adj.积极的，活跃的，有生气的;迅速的，敏捷的;有效的，起作用的;n.[语法]主动语态;积极分子，活跃的人;,12
1608,effectively,adv.有效地;实际上，事实上;,12
1609,apply,vt.应用，运用;申请;涂;敷（药）;vi.申请，请求，适用;适用，适合;专心致志;,12
1610,ryan,none,12
1611,typical,adj.典型的;特有的或特别的;代表性的;,12
1612,soft,adj.软的，柔软的;温和的，柔和的;不含酒精的;轻松的;n.柔软之物，柔软的部分;adv.柔和地;温柔地;,12
1613,topic,n.主题;话题，论题;标题，细目;,12
1614,fifth,num.第五;n.五分之一;第五音，五度音程;<美>五分之一加仑（瓶）;,12
1615,para,n.<口>帕拉胶;,12
1616,happens,none,12
1617,unable,adj.不能的，不会的;无能力的，不熟练的;不能胜任的;〈罕，诗〉弱，无力的;,12
1618,sat,v.坐(sit的过去式，过去分词);n.SAT美国学术能力评估测验;,12
1619,invested,none,12
1620,includes,v.包括( include的第三人称单数 );包含;列入;包住;,12
1621,basis,n.基础;主要成分;基准，基本原则;,12
1622,touch,vt.触摸;使某物与…轻轻接触;吃或喝，尝;[数]与…相切;n.触摸，碰;触觉，触感;修饰，润色;痕迹;vi.接触;联系;,12
1623,declined,none,12
1624,funds,n.基金( fund的名词复数 );储备;现款;特别基金管理机构;,12
1625,contest,vt.竞争，为…而奋争;辩驳;vi.争斗;竞争;争夺;,12
1626,shortage,n.不足，缺点;缺少;缺少量;不足额;,12
1627,funding,n.用发行长期债券的方法来收回短期债券;提供资金;v.提供资金;“fund”的现在分词;,12
1628,engage,vt.吸引住;聘用;与…交战;vi.与…建立密切关系;衔接;从事;紧密结合;,12
1629,tuition,n.学费;教学，讲授;,12
1630,messages,n.信息( message的名词复数 );便条;要旨;主题思想;,12
1631,fits,none,12
1632,solve,vt.解决;解答;解释;清偿（债务）;,12
1633,package,vt.包装;把…装箱;向…提出一揽子计划;n.包裹;包装袋;包装盒;一组建议;,12
1634,laws,n.法( law的名词复数 );法学;规律;法制;,12
1635,surroundings,n.（周围的）环境[事物];环境，周围的事物( surrounding的名词复数);一带;,12
1636,sorry,adj.对不起的;无价值的，低等的;遗憾的;感到伤心的;,12
1637,machine,n.机器，机械;机械般的人;核心;vt.用机器制造，用机器加工;vi.被机器切削;,12
1638,succeed,vi.成功;继承;vt.继承，继任，继位;随…之后;,12
1639,excuses,none,12
1640,cheating,adj.欺骗的;v.欺骗，哄骗( cheat的现在分词 );（尤指在游戏、比赛、考试等中）欺诈;作弊;已婚或有固定性伙伴的人与他人有秘密性关系;,12
1641,statistics,n.统计，统计学，统计法，统计资料;统计数字;“statistic”的复数;,12
1642,sustainable,adj.可持续的;可以忍受的;可支撑的;,12
1643,solutions,n.(solution的复数形式)解答;解决（办法）;解释;[数]解法，解式;解决( solution的名词复数 );溶解;溶液;答案;,12
1644,tony,adj.高贵的，时髦的;,12
1645,concentrate,vt.& vi.专心于;注意;集中;聚集;vt.浓缩，（使）浓缩;[采矿]汰选;选矿，精选，富集;vi.凝缩，浓缩，提纯;n.浓缩物;adj.集中起来的，经过浓缩的;,12
1646,submit,vi.顺从，服从;甘受，忍受;vt.使服从，使顺从;提交，呈送;[法]主张，建议;,12
1647,vi,none,12
1648,cuisine,n.烹饪，烹调法;菜肴;,12
1649,france,n.[地名]法国，法兰西;[姓氏]法郎士;[人名] 弗朗斯;,12
1650,tamlyn,none,12
1651,hardly,adv.几乎不;简直不;刚刚;严厉地，粗鲁地;,12
1652,provided,conj.如果;假如;在…的条件下;v.提供，供给( provide的过去式和过去分词);,12
1653,exception,n.例外，除外;反对，批评;[法律]异议，反对;,12
1654,doubt,n.怀疑，疑虑;未确定;vt.怀疑，疑惑;vi.不确定，不能肯定或怀疑;,12
1655,harmful,adj.对…有害的;能造成损害的;不利;不良;,12
1656,replaced,v.取代( replace的过去式和过去分词 );更换;把…放回原位;（用…）替换;,12
1657,daycare,n.日托，幼儿园;,12
1658,museums,n.博物馆( museum的名词复数 );,12
1659,professors,n.教授( professor的名词复数 );（大学的）讲师，教员;,12
1660,flexible,adj.灵活的;易弯曲的;柔韧的;易被说服的;,12
1661,rural,adj.乡下的，农村的;田园的;地方的;农业的;,12
1662,spelling,n.拼写;拼法;v.拼写( spell的现在分词);意味着;,12
1663,stanford,none,12
1664,kept,adj.受人资助控制的;v.（使）保持， （使）继续（ keep的过去式和过去分词 ）;（食品）保持新鲜;保有;保存;,12
1665,prof,n.教授;,12
1666,productive,adj.富有成效的;多产的;生产性的;具有创造性的;,12
1667,eliminate,vt.排除，消除;淘汰;除掉;<口>干掉;,12
1668,ambitious,adj.有雄心的;有野心的;费力的;耗资的;,12
1669,element,n.[化]元素;要素;原理;[电]电阻丝;,12
1670,evolution,n.演变;进化;发展;,12
1671,contributing,adj.贡献的，起作用的;v.捐献( contribute的现在分词 );捐助;撰稿;投稿;,12
1672,ultimately,adv.最后，最终;基本上;根本;郅;,12
1673,pace,n.一步;长度单位;步幅，步调;快步;vt.踱步，走来走去;步测;调整步调;训练马溜蹄;vi.踱;溜蹄;prep.蒙…恩准，怀着对…的敬意;,12
1674,pension,n.退休金，养老金;膳宿费;生活津贴;寄宿学校;vt.发给…养老金[退休金];准予退休，强迫退休（并发给退休金）;,12
1675,friendly,adj.友好的，亲密的;有帮助的;互助的;n.友谊赛;,12
1676,fair,adj.公平的;合理的;晴朗的;美丽的;adv.公平地;直接地;清楚地;正大光明地;n.集市，庙会;商品交易会，展览会;美人，美丽的事物;vt.（卡通制作）顺利接合;（动作）衔接协调;（飞机）装配平整;使（飞机接合部）平滑;vi.转晴;,12
1677,gap,n.缺口;分歧;间隔;美国休闲服饰品牌;vt.造成缝隙;使成缺口;使豁裂;vi.豁开;张开;有缺口;露出裂口;,12
1678,skin,n.皮，皮肤;（蔬菜，水果等）外皮;毛皮;vt.剥皮，削皮;擦破皮，擦伤;欺骗;vi.使愈合，长皮;adj.<俚>色情的;,12
1679,restrictions,none,12
1680,technologies,none,12
1681,silicon,n.<化>硅;硅元素;,12
1682,inkling,n.想法，暗示，迹象;,12
1683,divide,vt.& vi.分;划分;分离;（使）产生分歧;n.分水岭，分界线;分配;,12
1684,ice,n.冰;雪糕;冷淡;冰状物;vt.& vi.（使）结冰;vt.结冰;冰镇;vi.结冰;adj.冰的;,12
1685,exploration,n.探测，勘探，探险;搜索，研究;[医]探查术;,12
1686,depressed,adj.情绪低落的，沮丧的;萧条的;下陷的，低的;中间凹下的;v.压下(depress的过去式和过去分词);使愁苦;降低（价格）;使跌价;,11
1687,apple,n.苹果;苹果树;苹果公司;,11
1688,reached,none,11
1689,executives,none,11
1690,raised,adj.凸起的;浮雕的;有凸起花纹的;发酵的;v.引起( raise的过去式和过去分词 );提高（价格等）;提起;唤起;,11
1691,richard,n.理查德（男子名）;,11
1692,argued,none,11
1693,died,none,11
1694,senior,adj.（级别、地位等）较高的;资深的;年长的;<美>最高年级的;n.上级;<美>毕业班学生;较年长者;地位较高的，资历较深的;,11
1695,focused,none,11
1696,networks,none,11
1697,uses,none,11
1698,employment,n.雇用;使用;职业;有益的活动;,11
1699,largely,adv.大部分地，主要地;大规模地;丰富地;,11
1700,granted,conj.假定，就算;v.（退一步）承认( grant的过去式和过去分词 );（尤指正式地或法律上）同意;准许;让渡;,11
1701,capacity,n.容量;才能;性能;生产能力;adj.充其量的，最大限度的;,11
1702,relevant,adj.有关的，中肯的;相关联的;确切的;有重大意义[作用]的，实质性的;,11
1703,newly,adv.新近，最近;重新，又，再度;以新的方式;乍;,11
1704,sale,n.卖，出卖;销售额，销售;销路;拍卖;,11
1705,comfort,n.安慰;舒适;使人舒服的事物;给予援助或安慰的人或事;vt.安慰，使舒适;使（痛苦等）缓和;,11
1706,considerably,adv.相当，非常，颇;,11
1707,win,vt.& vi.（在…中）获胜，赢;战胜（对手）;vt.（通过努力等）赢得;说服;达到（目的、要求等）;获得…;n.（体育比赛中）胜利，赢;[常用复数]赢得物;收益;vi.顺利到达，成功;,11
1708,finish,vt.& vi.完成;结束;吃光;使筋疲力尽;n.结尾;结束;最后阶段;抛光;,11
1709,corn,n.<英>谷物;<美>玉米;鸡眼;,11
1710,programming,n.规划，设计;编程;v.训练( programme的现在分词 );培养;预调;,11
1711,math,n.数学（等于mathematics）;,11
1712,pretty,adj.漂亮的;机灵的，聪明的;adv.相当，颇;n.漂亮的人（或东西）;,11
1713,taste,n.味道;滋味;味觉;风味;vt.& vi.尝，品尝;vt.吃;喝;浅尝;vi.尝味;略进（饮食）;（少量地）吃;有某种味道;,11
1714,plants,"n.(plural form of plant,plant的复数形式)植物，农作物;植物( plant的名词复数 );工厂;发电厂;幼苗;v.种植( plant的第三人称单数 );建立;移植（动物、植物）;在（某处）栽种;",11
1715,ad,n.广告;网球中的优势分advantage. ad in;,11
1716,mostly,adv.大部分，多半;主要地;基本上;通常;,11
1717,cheap,adj.便宜的，廉价的;劣质的，低劣的;小气的，可鄙的;adv.便宜地;卑鄙地;,11
1718,date,n.日期，日子;约会;时代，年代;（北非和西亚常见的海枣树的）海枣;vt.过时;使…显老;显示出…时代（或年龄）;鉴定…的年代;vt.& vi.与人约会，相约;vi.属于某一特定时期;从某时起计算日期;记载日期;注有（或注明）日期;,11
1719,difference,n.差别，差异;[数]差数，差额;意见分歧;特色;vt.辨别，区分;,11
1720,classmates,n.（同班）同学( classmate的名词复数 );砚兄砚弟;,11
1721,participate,vi.参加某事;分享某事;vt.得到或接受某部分东西;,11
1722,worried,adj.困恼的，为难的;担心的;v.担心( worry的过去式和过去分词);,11
1723,wearing,adj.使人疲乏的，令人厌烦的;v.穿着( wear的现在分词 );磨成;使疲乏;同意;,11
1724,explains,none,11
1725,perfect,adj.完美的;正确的;优秀的;极好的;n.[语]完成时;,11
1726,becomes,none,11
1727,scientist,n.科学家;科学工作者;,11
1728,reflect,vt.& vi.反射（光、热、声或影像）;考虑;vt.反射，反照;表达;显示;折转;vi.映出;反射;深思熟虑;慎重表达;,11
1729,welcome,vt.欢迎;乐于接受;adj.受欢迎的;令人愉悦的;表示感谢的;n.欢迎，迎接;,11
1730,egg,n.鸡蛋，蛋;卵;<俚>家伙;vt.煽动，怂恿;用蛋烹调;<俚>向人扔鸡蛋;,11
1731,characters,n.[计] 字符;（令人讨厌的或古怪的）人（ character的名词复数 ）;特征;品质;人物;,11
1732,bird,n.鸟，禽;<俚>少女，姑娘，人，家伙，东西;<口>飞机，火箭，导弹;vi.观察和辨认鸟;捕鸟，打鸟;,11
1733,brief,adj.短暂的;（衣着）短的;简洁的;简明的;vt.向…介绍基本情况;（尤指事前）向…介绍基本情况;向…下达简令;在…事先向…做简要指点;n.概要;短文;简短声明;（争议一方的情况或论点）要点摘录;,11
1734,twice,adv.两次;两倍;两遍;,11
1735,waiting,n.等候;（宫廷中的）侍奉;侍女;侍奉期间;adj.等待的;（尤指因迟到）让人等候;服侍的;（用于告诉某人立刻行动）你还在等什么呢;v.等候( wait的现在分词 );等待;（尤指长期地）希望;盼望;,11
1736,accidents,n.意外遭遇( accident的名词复数 );事故;机遇;命运;,11
1737,front,n.前面;正面;身体前部;前线;adj.前面的;正面的;舌前的;v.面向;在…前面;用…作正面;领导;,11
1738,spot,n.地点，场所;斑点，污点;[股票]现货;职位，职务;v.弄上污渍，弄上斑点;污辱，玷污;认出，发现;散步;adj.现场的;现货的;插播的;abbr.satellite positioning and tracking 卫星定位和跟踪;,11
1739,expert,n.专家，能手;权威;行家，高手;熟练者;adj.专家的;（技术）熟练的;老手;需要专门知识（或技术）的;vt.以专家身份研究（或检查），像专家那样研究（或检查）;由专家审读（书籍等）;vi.做专家工作，担任专家，成为高手（或能手）;,11
1740,flight,n.（物体的）飞行;航班;飞翔;楼梯的一段;vi.成群地迁徙或飞行;vt.射击;使惊飞;,11
1741,web,n.蜘蛛网，网状物;[机]万维网;织物;圈套;vt.在…上织网;用网缠住;使中圈套;形成网状;,11
1742,taxi,n.出租车;滑行;vi.乘出租车;（指飞机）在地面或水面滑行;vt.用出租车运送;使滑行;,11
1743,wind,n.风;气流;吞下的气;管乐器;vt.蜿蜒;缠绕;上发条;使喘不过气来;adj.管乐的;,11
1744,seemed,none,11
1745,immediately,adv.立即，马上;直接地;紧接地;conj.一…就，即刻;,11
1746,owners,n.物主，所有人( owner的名词复数 );,11
1747,peace,n.和平;和睦;治安;安心;,11
1748,distant,adj.遥远的;冷漠的，冷淡的;远离的，远隔的;不太清晰的;,11
1749,directly,adv.直接地;不久，立即;正好地，恰好地;坦率地;conj.一…就…;,11
1750,otherwise,adv.否则;另外;别的方式;adj.别的，另外的;不同的;conj.否则，不然;,11
1751,partner,n.伙伴;同伙;同伴;配偶;vt.使合作;与…合伙;vi.合伙;合股;成为搭档;,11
1752,creating,v.创造( create的现在分词 );引起;造成;封;,11
1753,six,n.六;六个;六岁;六点;num.六;六个;,11
1754,standard,n.标准，规格;旗，军旗;度量衡标准;直立支柱;adj.标准的，合格的;普遍的，一般的;公认为优秀的;,11
1755,recover,vt.恢复;重新获得;找回;<正>恢复（适当的状态或位置）;vi.恢复健康（体力、能力等）;n.恢复开始时姿势;,11
1756,advances,n.接近，友好的表示，求爱;增长( advance的名词复数 );借款;（价格、价值的）上涨;v.（使）前进( advance的第三人称单数 );（使）发展;促进;提高;,11
1757,cure,vt.治愈;矫正;解决;消除;vi.受治疗;被加工处理;n.治愈;药物;疗法;措施;,11
1758,administration,n.管理;实行;（政府）行政机关;（法律、处罚等的）施行;,11
1759,photo,n.照片，相片;vt.& vi.（给…）拍照;,11
1760,profitable,adj.有利可图的，有益的;可赚钱的，合算的;,11
1761,shared,adj.共享的，共用的;,11
1762,feeding,none,11
1763,unsure,adj.不确定的;缺乏信心的，无把握的;不稳定的;不可靠的;,11
1764,finance,n.财政;金融;财源;资金;vt.为…供给资金， 从事金融活动;赊货给…;掌握财政;,11
1765,blood,n.血，血液;流血，杀戮，杀人（罪），牺牲;有…类型的血的，血统;血气，气质;vt.用血染（皮革等），用血弄湿;使出血，抽…的血;让新人初试做某事，使先取得经验;,11
1766,efficient,adj.有效率的;（直接）生效的;能干的;（因省钱、省时或省力等而）收效大的;,11
1767,translating,v.翻译( translate的现在分词 );解释;转化;被翻译;,11
1768,brackets,n.括弧( bracket的名词复数 );等级;类别层次;壁架;v.把…括在括弧内( bracket的第三人称单数 );把…归为一类;,11
1769,hundreds,n.数百;一百( hundred的名词复数 );,11
1770,hired,v.聘用( hire的过去式和过去分词 );录用;雇用;租用;,11
1771,industries,none,11
1772,intense,adj.热情的，强烈的，紧张的;热烈的，热情的，认真的;[摄]（底片）明暗度强的;有强烈感情（或意见、想法）的;,11
1773,spread,vt.& vi.伸开;展开;（使）传播;（使）散布;n.范围;连续的一段时间;vt.涂;把…覆盖在…上(over);把…敲平;散发（气、烟等）;vi.（景色、景致）展现;传开;（人群）散开;软化;adj.张开的;[语言学]双唇展开的;（宝石）扁薄发光的;（文章、照片等）跨两栏（或多栏）的;,11
1774,committed,adj.忠诚的，坚定的;v.保证（做某事、遵守协议或遵从安排等）( commit的过去式和过去分词 );把…托付给;把…记（或写）下来;承诺;,11
1775,england,n.英格兰;英国;,11
1776,partners,none,11
1777,pressures,none,11
1778,technical,adj.技术（性）的，工艺的，学术（上）的，专门（技术）的，艺术的;[法]根据法律的，法律上的;[商]人造的，用工业方法制造的，由市场内部因素（如投机等）引起的;〈美俚〉外表的，表面上的，浅薄的;,11
1779,faculty,n.能力，才能;全体教职员;<英>（大学的）专科，系;特权，特许;,11
1780,afternoon,n.下午;后期，后部;,11
1781,launch,vt.发射;[计算机]开始（应用程序）;发动;开展（活动、计划等）;vi.投入;着手进行;热衷于…;n.投掷;大船上的小艇;大型敞篷摩托艇;,11
1782,quantity,n.量，数量;定量，大批;数目;[语音学、韵律学]音量（指元音或音节的长短）;,11
1783,diners,none,11
1784,depending,v.依靠( depend的现在分词 );依赖;信赖;决定于;,11
1785,lecture,n.演讲;训斥，教训;vi.作演讲;vt.给…作演讲;教训（通常是长篇大论的）;,11
1786,challenging,adj.挑战性的;引起兴趣的;令人深思的;v.挑战，质疑(challenge的现在分词);,11
1787,treated,adj.已处理过的，精制过的，加工过的;v.处理( treat的过去式和过去分词 );探讨;对待;请（客）;,11
1788,relative,adj.相关的;相对的;相互有关的;比较而言的;n.亲属，亲戚;相关物;亲缘植物（或动物）;[语法学]关系词;,11
1789,humanity,n.人类;人性;人道;人文学科;,11
1790,roommates,n.<英>室友，住在同室的人( roommate的名词复数 );<美>同住一屋（一套公寓等）的人;,11
1791,primarily,adv.首先;首要地，主要地;根本上;本来;,11
1792,regulation,n.管理;控制;规章;规则;adj.规定的，必须穿戴的，必须使用的;,11
1793,vary,vi.变化;不同，偏离;[生]变异;vt.使不同;使多样化;[音乐]变奏;,11
1794,fathers,none,11
1795,tool,n.器具，工具;（有助于做工或完成某事的）用具;受人利用的人;压印机;vt.用工具给…加工;压印;驾车到处跑;vi.使用工具;开车，乘车;,11
1796,glasses,n.眼镜;双筒望远镜;玻璃( glass的名词复数 );玻璃杯;玻璃器皿;眼镜;,11
1797,contrast,n.对比，对照;差异;对照物，对立面;[摄]反差;,11
1798,dependent,adj.依靠的;依赖的;取决于…的;有瘾的;n.受抚养人;受赡养者;依赖他人者;扈从，侍从;,11
1799,predicted,none,11
1800,introduced,adj.[医]引种的，引进的;v.提出( introduce的过去式和过去分词 );介绍;引进;作为…的开头;,11
1801,entire,adj.全部的;整个的;全体的;囫囵;,11
1802,contribution,n.贡献，捐赠，捐助;捐赠，捐助物;投稿，来稿;[军]（向占领地人民征收的）军税;,11
1803,path,n.小路，路;路线，路程;〈比喻〉（人生的）道路;（思想，行为，生活的）途径;,11
1804,bills,n.账单( bill的名词复数 );钞票;清单;广告;,11
1805,inflation,n.膨胀;通货膨胀;夸张;自命不凡;,11
1806,gender,n.<语>性某些语言的（阳性、阴性和中性，不同的性有不同的词尾等）;性别;某些语言的（名词、代词和形容词）性的区分;,11
1807,buildings,n.建筑物( building的名词复数 );楼房;房屋;建筑（艺术或行业）;,11
1808,mainly,adv.大部分地;主要地;基本上;,11
1809,massive,adj.大的，重的;大块的，大量的;魁伟的，结实的;大规模的;,11
1810,essays,none,11
1811,economist,n.经济学家，经济专家;,11
1812,factor,n.因素;<数>因子;代理人;vt.把…因素包括进去;[数学]分解…的因子，将…分解成因子;以代理商（或管家等）的身份行事，做代理商（或管家）;vi.做代理商（或管家）;,11
1813,coach,n.教练;（铁路）旅客车厢;长途客运汽车;四轮大马车;vt.& vi.训练;辅导;vt.训练;指导;vi.作指导;受训练[辅导];坐马车旅行;,11
1814,applicants,none,11
1815,offering,n.提议;课程;贡品，祭品;奉献物;v.提供(offer的ing形式);,11
1816,policies,none,11
1817,descriptive,adj.描写的，描述的;分类的;,11
1818,shouldn,none,11
1819,assets,none,11
1820,motivate,vt.使有动机，促动，激发，诱导;刺激;激发…的积极性;,11
1821,secret,n.秘密，机密;秘诀;奥秘;adj.秘密的，机密的;神秘的;隐秘的;,11
1822,parent,n.父亲（或母亲）;先辈;根源，起源;保护者;,11
1823,profit,n.收益，得益;利润;红利;净值利润率;vt.有益于…，对…有益的;得益;创利润;vi.有益;获利;,11
1824,fields,n.田( field的名词复数 );（作某种用途的）场地;（学习或研究的）领域;运动场;,11
1825,agent,n.代理人;代理商;药剂;特工;vt.由…作中介;由…代理;adj.代理的;,11
1826,printing,n.印刷（术）;（书籍的）一次印刷;印刷字体;一次的印数;v.（在松软的表面）压印( print的现在分词 );把…付印;用印刷体写;冲洗（照片）;,11
1827,solving,v.解决( solve的现在分词 );解答;解释;揭示;,11
1828,owned,adj.自身拥有的;v.承认( own的过去式和过去分词 );拥有;服从于;认领;,11
1829,hotels,none,11
1830,shock,n.休克;震惊;震动;打击;vt.使休克;使震惊;使震动;使受电击;vi.感到震惊;受到震动;堆成禾束堆;adj.浓密的;蓬乱的;,11
1831,nuclear,adj.原子核的，原子能的;[细胞]细胞核的;,11
1832,answersheet,none,11
1833,automated,adj.自动化的;v.自动化(automate的过去分词);自动操;,11
1834,soupios,none,11
1835,assignments,n.分配( assignment的名词复数 );工作;任命;归属;,10
1836,drawing,n.绘画;制图;图画;图样;v.绘画(draw的现在分词);拖;拉;拔出;,10
1837,inside,adj.里面的，内部的;内幕的;内侧的;n.里面，内侧;内脏;内容，内幕;（道路或跑道拐弯处的）内侧;adv.在内地，在内部地;在内侧地;在监狱里;prep.在…以内;在内侧或内部;进入里面;,10
1838,region,n.地区，地域，地带;行政区，管辖区;（大气，海水等的）层，界，境;（学问等的）范围，领域;,10
1839,relatively,adv.关系上地;相对地;比较地;较比;,10
1840,spirit,n.精神，心灵;情绪;勇气;精髓;v.神秘地带走;,10
1841,cross,n.十字架;十字形饰物;杂交品种;痛苦;vi.交错而行;横渡;越境;vt.杂交;横跨，穿越;划掉;使相交;adj.坏脾气的， 易怒的;相反的，反向的;,10
1842,systems,n.[物理化学]系( system的名词复数 );制度;身体;系统;,10
1843,leader,n.领袖，领导者;负责人;指挥者;领唱者;,10
1844,producing,v.生产（ produce的现在分词 ）;产生;制作;创作;,10
1845,count,n.总数;数数;罪状;论点;v.数数;计算总数;把…算入;重要;,10
1846,rid,vt.使摆脱，解除，免除;,10
1847,reports,none,10
1848,reliable,adj.可靠的;可信赖的;真实可信的;n.可靠的人;,10
1849,roads,none,10
1850,exist,vi.存在;生存;生活;继续存在;,10
1851,truly,adv.真正;精确地，正确地;忠实的，诚实地;正当地;,10
1852,precious,adj.宝贵的，珍贵的;贵重的;矫揉造作的;可爱的，宝贝的;adv.<口>很，非常;n.珍爱的人;可爱的人;,10
1853,forgetting,n.遗忘;v.忘记( forget的现在分词 );不再想;忘记做（或带、买等）;不再考虑…的可能;,10
1854,acquire,vt.获得，取得;学到;,10
1855,forming,n.形成;组成;构成;编成;v.形成，构成，产生( form的现在分词 );是;（使）成形;结成（友谊）;,10
1856,normal,adj.正常的;正规的，标准的;[数学]正交的;精神健全的;n.正常，常态;标准;[数学]法线;,10
1857,painful,adj.痛苦的;（肉体）疼的;费力的，（工作）困难的;讨厌的，使人厌烦的;,10
1858,sea,n.海;海洋;许多;大量;,10
1859,civilization,n.文明，文化;开化，教化;修养;文明社会;,10
1860,ideal,adj.理想的，完美的;被认为是最好的;完全或相当令人满意的;想象的，假设的;n.理想;典范，典型;目标，高尚的、有价值的原则或目标;,10
1861,attack,vt.& vi.攻击，进攻，抨击;n.攻击;抨击;（队员等的）进攻;（疾病）侵袭;vt.抨击;非难;侵袭;损害;,10
1862,dog,n.狗;蹩脚货;丑女人;卑鄙小人;v.困扰;跟踪;,10
1863,multiple,adj.多重的;多个的;复杂的;多功能的;n.<数>倍数;[电工学]并联;连锁商店;下有多个分社的旅行社;,10
1864,driver,n.驾驶员，司机;驱动器，驱动程序;驱逐者，驱赶者;（高尔夫球）球棒;,10
1865,faces,n.面容( face的名词复数 );表面;脸;方面;v.面对( face的第三人称单数 );面向…;正视;承认;,10
1866,member,n.成员;分子;身体部位（尤指胳膊或腿）;构件，部件;,10
1867,review,n.复习;回顾;（报刊的）评论;[法]复审;vt.检验;复查;复习;评论;vi.复习功课;写评论;,10
1868,purple,adj.紫色的;帝王的;词藻华美的;n.紫色;紫（红）衣，紫袍;帝位，皇权;皇族;vt.使成紫色;vi.变紫;,10
1869,color,n.<美>颜色，色彩;肤色，脸色，血色;颜料，染料;本质;v.<美>给…涂颜色;改变…的颜色;粉饰，渲染，使带上色彩;脸红;,10
1870,straight,adj.直的;连续的;直率的;整齐的;adv.直地;直接地;坦率地;立即;n.直线;直线部分;,10
1871,loved,none,10
1872,enjoyed,v.享有（ enjoy的过去式和过去分词 ）;玩得快乐;喜欢;,10
1873,barely,adv.仅仅，勉强，好容易才;几乎不，几乎没有;赤裸裸地，无遮蔽地;公然地，露骨地，公开地;,10
1874,relatives,n.亲属( relative的名词复数 );相关物;亲缘植物（或动物）;[语法学]关系词;,10
1875,promised,none,10
1876,consumed,v.消耗( consume的过去式和过去分词 );烧毁;大吃;使充满（强烈的感情）;,10
1877,recording,n.记录，录音;唱片;录了音的磁带;录音的节目;adj.记录的，录音的，录影的;自记的;记录用的;v.记录，录音，拍摄( record的现在分词);显示，自动记下;标明;发表正式（或法律方面的）声明;,10
1878,correct,adj.正确的;合适的;符合公认准则的;得体的;v.改正;批改;指出错误;,10
1879,dozen,n.（一）打，十二个;adj.一打的;,10
1880,studied,adj.有计划的;故意的;深思熟虑的;精通的;v.学习，研究( study的过去式和过去分词 );想出;详细地检查;背诵（台词等）;,10
1881,sounds,vi.听起来;n.声音( sound的名词复数 );音调;嗓音;播音;v.（使）发出声音，响( sound的第三人称单数 );发（音）;试探;探测;,10
1882,regret,vt.后悔，悔恨;遗憾，抱歉;悼念，哀悼;vi.感到后悔，感到抱歉;n.遗憾，惋惜;后悔，悔恨;哀悼;,10
1883,avoiding,none,10
1884,ordinary,adj.普通的;平常的;一般的;平庸的;,10
1885,prospects,none,10
1886,turning,n.旋转;转向;转弯处;车工工艺;v.转动;扭转;（使）变成;“turn”的现在分词;,10
1887,meaningful,adj.意味深长的;有意义的;有意图的;隽;,10
1888,wish,v.希望;想要;祝愿;n.愿望;希望;希望的事 ;祝福;,10
1889,adopted,adj.被收养的，被采用的;v.采用( adopt的过去式和过去分词 );收养;正式接受;吸收（外来词语）;,10
1890,description,n.描述;形容;种类;类型;,10
1891,worrying,adj.焦虑的，烦恼的;令人担心的;,10
1892,bees,n.蜜蜂( bee的名词复数 );（集工作、竞赛、娱乐为一体的）聚会;,10
1893,comment,n.评论;注释;意见;说明;vt.& vi.评论，谈论;vt.表达意见;解释，注释;vi.作注释;作注解;作解释;作评语;,10
1894,wonderful,adj.极好的，精彩的，绝妙的;美妙;胜;神妙;,10
1895,wait,vt.& vi.等候;等待;（尤指长期地）希望;盼望;vi.准备妥;在手边;可得到;可使用;vt.推迟，搁置，延缓;,10
1896,colleagues,none,10
1897,favorite,n.特别喜欢的人（或物）;喜欢的事物;最有希望获胜者（尤指马）;收藏夹;adj.喜爱的，宠爱的，中意的;[美国英语] = favourite;,10
1898,period,n.时期;（一段）时间;学时;句号;adj.具有某个时代特征的;（关于）过去某一特定历史时期的;（家具、服饰、建筑等）某一时代的;,10
1899,pleasant,adj.可爱的;令人愉快的;有趣的;晴朗的;,10
1900,involve,vt.包含;使参与，牵涉;围绕，缠绕;使专心于;,10
1901,recognize,vt.认出;识别;承认;vi.承认，确认;[法律]具结，立保证书;,10
1902,weak,adj.柔弱的，虚弱的;无力的，软弱的;不中用的，愚钝的;淡薄的;,10
1903,vision,n.视力，视觉;美景，绝妙的东西;幻影;想像力;vt.在幻觉中看到;幻想，想象;梦见;,10
1904,location,n.位置，场所;定位;外景（拍摄地）;,10
1905,promoted,v.<正>促进( promote的过去式和过去分词 );提升;推销;使 （学生）升级;,10
1906,shoppers,none,10
1907,households,n.同住在一所房子里的人，一家人，户( household的名词复数 );,10
1908,appear,vi.出现，显现;出庭，出场;演出;发表;,10
1909,patience,n.耐心，耐性;忍耐;单人纸牌游戏;,10
1910,wide,adj.宽的;普遍的;广阔的;张大的，开得很大的;adv.广泛地;充分地;广阔地;n.广大的世界;[板]歪球;,10
1911,plays,none,10
1912,graduation,n.毕业;毕业典礼;刻度，分度;分等级;,10
1913,impossible,adj.不可能的，做不到的;难以忍受的;不会有的，不能相信的;n.不可能;不可能的事;,10
1914,bright,adj.明亮的，鲜亮的;聪明的;辉煌的;活泼的，机灵的，乖巧的;adv.明亮地，光明地，光亮地;欢快地，愉快地;n.车头灯;<古>光辉，辉煌;,10
1915,match,n.比赛;对手;相配的人（或物）;火柴;vt.相同;适应;使较量;使等同于;vt.& vi.使相配，使相称;,10
1916,menu,n.菜单;菜，菜肴;,10
1917,complaining,adj.诉苦的，抱怨的;v.抱怨，诉苦，投诉( complain的现在分词 );申诉，控诉，抗议;诉说，申诉，控告[后面常跟从句];,10
1918,cell,n.<生>细胞;小牢房;电池;<诗>墓穴;vi.住在牢房或小室中;vt.囚禁;,10
1919,phones,none,10
1920,losses,n.损失( loss的名词复数 );损耗;失败;降低;,10
1921,quarter,n.四分之一;一刻钟;地区;（美式足球的）一节;vt.把…四等分;供…住宿;使（士兵）驻扎;,10
1922,happier,adj.幸福的( happy的比较级 );幸运的;乐意的;感到（或显得）幸福的;,10
1923,critics,n.批评家( critic的名词复数 );评论员;批评者;挑剔的人;,10
1924,sites,none,10
1925,moreover,adv.再者;此外;而且;同时;,10
1926,charity,n.慈善（行为）;施舍，捐助;慈善机关;仁爱，宽容;,10
1927,desire,vt.希望;渴望;要求;请求;n.愿望;欲望;希望;请求;vi.有希望;期望;愿望;想望;,10
1928,suggestions,none,10
1929,bikes,none,10
1930,spaces,none,10
1931,bed,n.床;苗圃;河床;（地下由黏土、岩石等构成的）地层;vt.把…固定在;（某人）发生性关系;给人铺床;vi.上床;分层;,10
1932,minute,n.分，分钟;瞬间，片刻;备忘录;会议记录;vt.把…记录在案;为…测定时间;,10
1933,bound,vi.跳，弹跳;限制;接壤;vt.给…划界，限制;使弹回，使跳跃;束缚;n.界限，限制;跃起;（球等的）反跳;adj.用带子绑住的;有义务的;装订的，有封面的;[化，物]结合的;,10
1934,goals,n.球门( goal的名词复数 );得分;进球得的分;努力的对象;,10
1935,afraid,adj.害怕的;担心的;恐怕;畏惧，害怕;,10
1936,sweden,n.瑞典;,10
1937,proverbs,none,10
1938,argument,n.争论，争吵;论据;[数]幅角;主题，情节;,10
1939,freedom,n.自由，自主;直率;特权，特许;自由权;,10
1940,keeping,n.遵守;一致;（与…）协调;保管;v.（使）保持， （使）继续( keep的现在分词 );（食品）保持新鲜;保有;保存;,10
1941,surprised,adj.惊奇的;惊讶的;觉得奇怪的;感觉意外的;,10
1942,techniques,n.技巧( technique的名词复数 );手法;技术;技能;,10
1943,unfortunately,adv.不幸地，遗憾地;可惜;不巧;,10
1944,accept,vi.承认;同意;承兑;vt.接受;承认;承担;承兑;,10
1945,patient,adj.有耐性的;能容忍的;n.患者;病人;病号;,10
1946,mid,adj.中间的;居中的;（用于复合词中）中;prep.在…中间;中天;adv.在船身中部;n.年中，学年中期;,10
1947,rights,n.认股权;右边( right的名词复数 );权利;右手;v.纠正( right的第三人称单数 );公正对待;整理;补偿;,10
1948,concept,n.观念，概念;观点;思想，设想，想法;总的印象;,10
1949,conference,n.会议;讨论;（正式）讨论会;[工会、工党用语]（每年的）大会;vi.举行或参加（系列）会议;,10
1950,floor,n.地面，地板;楼层;底部;议员席;vt.铺地板;击败，打倒;,10
1951,kao,none,10
1952,applying,none,10
1953,nutrition,n.营养，滋养;营养品;营养学;食物;,10
1954,continues,none,10
1955,vital,adj.维持生命所必需的;至关重要的;生死攸关的;生气勃勃的;,10
1956,suggested,adj.暗示的;v.建议( suggest的过去式和过去分词 );暗示;使想起;启示;,10
1957,depend,vi.依靠;依赖;信赖;决定于;,10
1958,wise,adj.聪明的，有智慧的;博学的，博识的;明白的;像智者的;vt.使知道，使懂得;教导;指点;vi.了解，知道;,10
1959,longevity,n.长寿;寿命;长期供职;,10
1960,die,vt.& vi.死亡，熄灭;凋零，枯萎;渴望，盼望;n.钢型，硬模;骰子;,10
1961,qualities,none,10
1962,tourists,n.旅行者，观光客( tourist的名词复数 );,10
1963,gaming,n.赌博;博奕;,10
1964,commerce,n.商业;商务;贸易;,10
1965,transactions,n.处理( transaction的名词复数 );事务;（一笔）交易;[复数]（学术团体等的）议事录;,10
1966,differ,vi.不同，相异;不同意，意见相左;争吵;,10
1967,conscious,adj.有意识的，神志清醒的;自觉的，有意的;（痛苦，感情，冷气等）感觉得到的;同“self-conscious“;,10
1968,loans,n.借出物，借款( loan的名词复数 );v.借出，贷与（尤指钱）( loan的第三人称单数 );出借（贵重物品给博物馆等）;,10
1969,september,n.九月;[电影]情怀九月天;,10
1970,enjoyable,adj.愉快的，快乐的;,10
1971,applied,adj.（尤指某种科学）应用的，实用的;v.应用( apply的过去式和过去分词 );[apply oneself]使（自己）致力于;[apply oneself]使从事于;使接触;,10
1972,aspects,n.方面( aspect的名词复数 );面貌;方位;样子;,10
1973,talent,n.天资，才能;天才，人才;塔兰特，古代的一种计量单位，可用来记重量或作为货币单位;<旧，非正式>性感的人;,10
1974,stressful,adj.有压力的;,10
1975,beauty,n.美好;美人;完美;突出的范例;,10
1976,electronic,adj.电子的;电子操纵的;用电子设备生产的;用电子设备完成的;,10
1977,citizens,n.公民( citizen的名词复数 );国民;市民;平民;,10
1978,vehicles,n.运载工具;传播媒介;（为展露演员才华而）特意编写的一出戏（或电影等）;[画]展色剂;交通工具( vehicle的名词复数 );车辆;传播媒介;手段;,10
1979,circumstances,n.境况;境遇;（尤指）经济状况;命运;环境( circumstance的名词复数 );事件;境遇;机遇;,10
1980,rapidly,adv.很快地，迅速地;立即;,10
1981,properly,adv.适当地;恰当地;正确地;完全，非常;,10
1982,diseases,n.疾病( disease的名词复数 );弊端;恶疾;痼疾;,10
1983,issues,n.（水等的）流出( issue的名词复数 );出口;放出;（特别重要或大众关注的）问题;v.出版( issue的第三人称单数 );发表;宣布;分配;,10
1984,gas,n.气体;[矿业] 瓦斯;汽油;毒气;vt.加油;毒（死）;vi.加油;放出气体;空谈;int.该死！（令人气愤的人应即被送毒气室处死）;,10
1985,supplies,n.日用（必需）品;供应;补给;供应量;供给物( supply的名词复数 );储备物质;粮食;v.供给( supply的第三人称单数 );补充;弥补（缺陷、损失等）;向…提供（物资等）;,10
1986,cope,vi.成功地应付，对付;对抗;n.长袍;斗篷状覆盖物;墙帽;vt.笼罩;给…盖墙压顶;,10
1987,eu,none,10
1988,hunger,n.饿，饥饿;欲望;vt.& vi.（使）饥饿;vi.渴望;,10
1989,calorie,n.大卡;千卡（食物所产生的能量单位）;卡路里;卡（热量单位）;,10
1990,gifts,none,10
1991,hetty,none,10
1992,wallet,n.钱包，皮夹子;,10
1993,core,n.中心，核心，精髓;果心，果核;[地质学]地核;[计] 磁心;vt.去（果）核，挖去…的果心;提取岩芯（样品）;,9
1994,western,adj.西方的;欧美的;n.西部电影，西部小说;西方人;,9
1995,indicate,vt.表明，标示，指示;象征，暗示，预示;[医]显示需要做…的治疗;,9
1996,arrived,v.到达，来( arrive的过去式和过去分词 );发生;,9
1997,surprising,adj.使人惊讶的，出人意料的，惊人的;惊人的，意外的;奇怪的，不可思议的;v.使惊奇，使诧异( surprise的现在分词);意外发现[撞见]，出其不意获得;,9
1998,surveyed,none,9
1999,competitors,none,9
